<?xml version="1.0" encoding="UTF-8"?>
<project-private xmlns="http://www.netbeans.org/ns/project-private/1">
    <editor-bookmarks xmlns="http://www.netbeans.org/ns/editor-bookmarks/2" lastBookmarkId="0"/>
    <open-files xmlns="http://www.netbeans.org/ns/projectui-open-files/2">
        <group>
            <file>file:/D:/var/netbeans/XO/src/game/XOObject.java</file>
            <file>file:/D:/var/netbeans/XO/src/game/XOPlayer.java</file>
            <file>file:/D:/var/netbeans/XO/src/game/XOMatrix.java</file>
            <file>file:/D:/var/netbeans/XO/src/game/XOGame.java</file>
            <file>file:/D:/var/netbeans/XO/src/gui/XOFrame.java</file>
        </group>
    </open-files>
</project-private>
